name,price,description,imageUrl,category_id
Sản phẩm Test Tải 1,458000,Mô tả sản phẩm sinh tự động số 1 cho Performance Test,https://placehold.co/300,1
Sản phẩm Test Tải 2,238000,Mô tả sản phẩm sinh tự động số 2 cho Performance Test,https://placehold.co/300,2
Sản phẩm Test Tải 3,84000,Mô tả sản phẩm sinh tự động số 3 cho Performance Test,https://placehold.co/300,3
Sản phẩm Test Tải 4,352000,Mô tả sản phẩm sinh tự động số 4 cho Performance Test,https://placehold.co/300,1
Sản phẩm Test Tải 5,367000,Mô tả sản phẩm sinh tự động số 5 cho Performance Test,https://placehold.co/300,2
Sản phẩm Test Tải 6,262000,Mô tả sản phẩm sinh tự động số 6 cho Performance Test,https://placehold.co/300,3
Sản phẩm Test Tải 7,32000,Mô tả sản phẩm sinh tự động số 7 cho Performance Test,https://placehold.co/300,2
Sản phẩm Test Tải 8,318000,Mô tả sản phẩm sinh tự động số 8 cho Performance Test,https://placehold.co/300,1
Sản phẩm Test Tải 9,47000,Mô tả sản phẩm sinh tự động số 9 cho Performance Test,https://placehold.co/300,2
Sản phẩm Test Tải 10,271000,Mô tả sản phẩm sinh tự động số 10 cho Performance Test,https://placehold.co/300,1
Sản phẩm Test Tải 11,458000,Mô tả sản phẩm sinh tự động số 11 cho Performance Test,https://placehold.co/300,3
Sản phẩm Test Tải 12,265000,Mô tả sản phẩm sinh tự động số 12 cho Performance Test,https://placehold.co/300,2
Sản phẩm Test Tải 13,417000,Mô tả sản phẩm sinh tự động số 13 cho Performance Test,https://placehold.co/300,2
Sản phẩm Test Tải 14,250000,Mô tả sản phẩm sinh tự động số 14 cho Performance Test,https://placehold.co/300,3
Sản phẩm Test Tải 15,301000,Mô tả sản phẩm sinh tự động số 15 cho Performance Test,https://placehold.co/300,1
Sản phẩm Test Tải 16,317000,Mô tả sản phẩm sinh tự động số 16 cho Performance Test,https://placehold.co/300,3
Sản phẩm Test Tải 17,479000,Mô tả sản phẩm sinh tự động số 17 cho Performance Test,https://placehold.co/300,3
Sản phẩm Test Tải 18,224000,Mô tả sản phẩm sinh tự động số 18 cho Performance Test,https://placehold.co/300,2
Sản phẩm Test Tải 19,138000,Mô tả sản phẩm sinh tự động số 19 cho Performance Test,https://placehold.co/300,2
Sản phẩm Test Tải 20,59000,Mô tả sản phẩm sinh tự động số 20 cho Performance Test,https://placehold.co/300,2
Sản phẩm Test Tải 21,95000,Mô tả sản phẩm sinh tự động số 21 cho Performance Test,https://placehold.co/300,2
Sản phẩm Test Tải 22,304000,Mô tả sản phẩm sinh tự động số 22 cho Performance Test,https://placehold.co/300,3
Sản phẩm Test Tải 23,492000,Mô tả sản phẩm sinh tự động số 23 cho Performance Test,https://placehold.co/300,1
Sản phẩm Test Tải 24,278000,Mô tả sản phẩm sinh tự động số 24 cho Performance Test,https://placehold.co/300,1
Sản phẩm Test Tải 25,82000,Mô tả sản phẩm sinh tự động số 25 cho Performance Test,https://placehold.co/300,1
Sản phẩm Test Tải 26,221000,Mô tả sản phẩm sinh tự động số 26 cho Performance Test,https://placehold.co/300,1
Sản phẩm Test Tải 27,227000,Mô tả sản phẩm sinh tự động số 27 cho Performance Test,https://placehold.co/300,3
Sản phẩm Test Tải 28,140000,Mô tả sản phẩm sinh tự động số 28 cho Performance Test,https://placehold.co/300,1
Sản phẩm Test Tải 29,387000,Mô tả sản phẩm sinh tự động số 29 cho Performance Test,https://placehold.co/300,2
Sản phẩm Test Tải 30,156000,Mô tả sản phẩm sinh tự động số 30 cho Performance Test,https://placehold.co/300,2
Sản phẩm Test Tải 31,241000,Mô tả sản phẩm sinh tự động số 31 cho Performance Test,https://placehold.co/300,1
Sản phẩm Test Tải 32,197000,Mô tả sản phẩm sinh tự động số 32 cho Performance Test,https://placehold.co/300,3
Sản phẩm Test Tải 33,483000,Mô tả sản phẩm sinh tự động số 33 cho Performance Test,https://placehold.co/300,3
Sản phẩm Test Tải 34,368000,Mô tả sản phẩm sinh tự động số 34 cho Performance Test,https://placehold.co/300,1
Sản phẩm Test Tải 35,431000,Mô tả sản phẩm sinh tự động số 35 cho Performance Test,https://placehold.co/300,2
Sản phẩm Test Tải 36,461000,Mô tả sản phẩm sinh tự động số 36 cho Performance Test,https://placehold.co/300,2
Sản phẩm Test Tải 37,74000,Mô tả sản phẩm sinh tự động số 37 cho Performance Test,https://placehold.co/300,3
Sản phẩm Test Tải 38,360000,Mô tả sản phẩm sinh tự động số 38 cho Performance Test,https://placehold.co/300,3
Sản phẩm Test Tải 39,205000,Mô tả sản phẩm sinh tự động số 39 cho Performance Test,https://placehold.co/300,2
Sản phẩm Test Tải 40,294000,Mô tả sản phẩm sinh tự động số 40 cho Performance Test,https://placehold.co/300,1
Sản phẩm Test Tải 41,423000,Mô tả sản phẩm sinh tự động số 41 cho Performance Test,https://placehold.co/300,3
Sản phẩm Test Tải 42,479000,Mô tả sản phẩm sinh tự động số 42 cho Performance Test,https://placehold.co/300,2
Sản phẩm Test Tải 43,339000,Mô tả sản phẩm sinh tự động số 43 cho Performance Test,https://placehold.co/300,3
Sản phẩm Test Tải 44,64000,Mô tả sản phẩm sinh tự động số 44 cho Performance Test,https://placehold.co/300,3
Sản phẩm Test Tải 45,289000,Mô tả sản phẩm sinh tự động số 45 cho Performance Test,https://placehold.co/300,2
Sản phẩm Test Tải 46,139000,Mô tả sản phẩm sinh tự động số 46 cho Performance Test,https://placehold.co/300,3
Sản phẩm Test Tải 47,366000,Mô tả sản phẩm sinh tự động số 47 cho Performance Test,https://placehold.co/300,1
Sản phẩm Test Tải 48,21000,Mô tả sản phẩm sinh tự động số 48 cho Performance Test,https://placehold.co/300,1
Sản phẩm Test Tải 49,280000,Mô tả sản phẩm sinh tự động số 49 cho Performance Test,https://placehold.co/300,3
Sản phẩm Test Tải 50,258000,Mô tả sản phẩm sinh tự động số 50 cho Performance Test,https://placehold.co/300,1
Sản phẩm Test Tải 51,102000,Mô tả sản phẩm sinh tự động số 51 cho Performance Test,https://placehold.co/300,2
Sản phẩm Test Tải 52,191000,Mô tả sản phẩm sinh tự động số 52 cho Performance Test,https://placehold.co/300,3
Sản phẩm Test Tải 53,387000,Mô tả sản phẩm sinh tự động số 53 cho Performance Test,https://placehold.co/300,2
Sản phẩm Test Tải 54,397000,Mô tả sản phẩm sinh tự động số 54 cho Performance Test,https://placehold.co/300,1
Sản phẩm Test Tải 55,134000,Mô tả sản phẩm sinh tự động số 55 cho Performance Test,https://placehold.co/300,3
Sản phẩm Test Tải 56,334000,Mô tả sản phẩm sinh tự động số 56 cho Performance Test,https://placehold.co/300,2
Sản phẩm Test Tải 57,433000,Mô tả sản phẩm sinh tự động số 57 cho Performance Test,https://placehold.co/300,1
Sản phẩm Test Tải 58,22000,Mô tả sản phẩm sinh tự động số 58 cho Performance Test,https://placehold.co/300,1
Sản phẩm Test Tải 59,38000,Mô tả sản phẩm sinh tự động số 59 cho Performance Test,https://placehold.co/300,2
Sản phẩm Test Tải 60,500000,Mô tả sản phẩm sinh tự động số 60 cho Performance Test,https://placehold.co/300,3
Sản phẩm Test Tải 61,219000,Mô tả sản phẩm sinh tự động số 61 cho Performance Test,https://placehold.co/300,1
Sản phẩm Test Tải 62,457000,Mô tả sản phẩm sinh tự động số 62 cho Performance Test,https://placehold.co/300,3
Sản phẩm Test Tải 63,226000,Mô tả sản phẩm sinh tự động số 63 cho Performance Test,https://placehold.co/300,3
Sản phẩm Test Tải 64,463000,Mô tả sản phẩm sinh tự động số 64 cho Performance Test,https://placehold.co/300,2
Sản phẩm Test Tải 65,406000,Mô tả sản phẩm sinh tự động số 65 cho Performance Test,https://placehold.co/300,1
Sản phẩm Test Tải 66,279000,Mô tả sản phẩm sinh tự động số 66 cho Performance Test,https://placehold.co/300,1
Sản phẩm Test Tải 67,285000,Mô tả sản phẩm sinh tự động số 67 cho Performance Test,https://placehold.co/300,3
Sản phẩm Test Tải 68,471000,Mô tả sản phẩm sinh tự động số 68 cho Performance Test,https://placehold.co/300,1
Sản phẩm Test Tải 69,188000,Mô tả sản phẩm sinh tự động số 69 cho Performance Test,https://placehold.co/300,2
Sản phẩm Test Tải 70,421000,Mô tả sản phẩm sinh tự động số 70 cho Performance Test,https://placehold.co/300,3
Sản phẩm Test Tải 71,115000,Mô tả sản phẩm sinh tự động số 71 cho Performance Test,https://placehold.co/300,3
Sản phẩm Test Tải 72,215000,Mô tả sản phẩm sinh tự động số 72 cho Performance Test,https://placehold.co/300,3
Sản phẩm Test Tải 73,329000,Mô tả sản phẩm sinh tự động số 73 cho Performance Test,https://placehold.co/300,2
Sản phẩm Test Tải 74,171000,Mô tả sản phẩm sinh tự động số 74 cho Performance Test,https://placehold.co/300,1
Sản phẩm Test Tải 75,162000,Mô tả sản phẩm sinh tự động số 75 cho Performance Test,https://placehold.co/300,2
Sản phẩm Test Tải 76,243000,Mô tả sản phẩm sinh tự động số 76 cho Performance Test,https://placehold.co/300,1
Sản phẩm Test Tải 77,407000,Mô tả sản phẩm sinh tự động số 77 cho Performance Test,https://placehold.co/300,1
Sản phẩm Test Tải 78,304000,Mô tả sản phẩm sinh tự động số 78 cho Performance Test,https://placehold.co/300,2
Sản phẩm Test Tải 79,127000,Mô tả sản phẩm sinh tự động số 79 cho Performance Test,https://placehold.co/300,3
Sản phẩm Test Tải 80,93000,Mô tả sản phẩm sinh tự động số 80 cho Performance Test,https://placehold.co/300,2
Sản phẩm Test Tải 81,134000,Mô tả sản phẩm sinh tự động số 81 cho Performance Test,https://placehold.co/300,1
Sản phẩm Test Tải 82,224000,Mô tả sản phẩm sinh tự động số 82 cho Performance Test,https://placehold.co/300,2
Sản phẩm Test Tải 83,389000,Mô tả sản phẩm sinh tự động số 83 cho Performance Test,https://placehold.co/300,2
Sản phẩm Test Tải 84,136000,Mô tả sản phẩm sinh tự động số 84 cho Performance Test,https://placehold.co/300,3
Sản phẩm Test Tải 85,481000,Mô tả sản phẩm sinh tự động số 85 cho Performance Test,https://placehold.co/300,1
Sản phẩm Test Tải 86,179000,Mô tả sản phẩm sinh tự động số 86 cho Performance Test,https://placehold.co/300,2
Sản phẩm Test Tải 87,332000,Mô tả sản phẩm sinh tự động số 87 cho Performance Test,https://placehold.co/300,3
Sản phẩm Test Tải 88,353000,Mô tả sản phẩm sinh tự động số 88 cho Performance Test,https://placehold.co/300,1
Sản phẩm Test Tải 89,15000,Mô tả sản phẩm sinh tự động số 89 cho Performance Test,https://placehold.co/300,1
Sản phẩm Test Tải 90,476000,Mô tả sản phẩm sinh tự động số 90 cho Performance Test,https://placehold.co/300,2
Sản phẩm Test Tải 91,238000,Mô tả sản phẩm sinh tự động số 91 cho Performance Test,https://placehold.co/300,1
Sản phẩm Test Tải 92,45000,Mô tả sản phẩm sinh tự động số 92 cho Performance Test,https://placehold.co/300,1
Sản phẩm Test Tải 93,188000,Mô tả sản phẩm sinh tự động số 93 cho Performance Test,https://placehold.co/300,1
Sản phẩm Test Tải 94,468000,Mô tả sản phẩm sinh tự động số 94 cho Performance Test,https://placehold.co/300,3
Sản phẩm Test Tải 95,26000,Mô tả sản phẩm sinh tự động số 95 cho Performance Test,https://placehold.co/300,3
Sản phẩm Test Tải 96,148000,Mô tả sản phẩm sinh tự động số 96 cho Performance Test,https://placehold.co/300,3
Sản phẩm Test Tải 97,317000,Mô tả sản phẩm sinh tự động số 97 cho Performance Test,https://placehold.co/300,2
Sản phẩm Test Tải 98,299000,Mô tả sản phẩm sinh tự động số 98 cho Performance Test,https://placehold.co/300,1
Sản phẩm Test Tải 99,161000,Mô tả sản phẩm sinh tự động số 99 cho Performance Test,https://placehold.co/300,2
Sản phẩm Test Tải 100,241000,Mô tả sản phẩm sinh tự động số 100 cho Performance Test,https://placehold.co/300,1
